grid_node_id,hour,headroom_kw
grid-kazan-example,0,20
grid-kazan-example,1,20
grid-kazan-example,2,20
grid-kazan-example,3,20
grid-kazan-example,4,20
grid-kazan-example,5,20
grid-kazan-example,6,20
grid-kazan-example,7,20
grid-kazan-example,8,20
grid-kazan-example,9,20
grid-kazan-example,10,20
grid-kazan-example,11,20
grid-kazan-example,12,20
grid-kazan-example,13,20
grid-kazan-example,14,20
grid-kazan-example,15,20
grid-kazan-example,16,20
grid-kazan-example,17,20
grid-kazan-example,18,20
grid-kazan-example,19,20
grid-kazan-example,20,20
grid-kazan-example,21,20
grid-kazan-example,22,20
grid-kazan-example,23,20
